Unit,Address,SoldPrice,AskingPrice,Bed,Bath,Sqft,Age,SoldDate,DaysOnMarket,PriceSqft,Floor
323,9288 Odlin Road,565700,588000,2,2,897,11,7/13/2020,6,630.657748,3
1205,7488 Lansdowne Road,733000,768000,2,2,878,3,7/17/2020,21,834.8519362,12
417,23233 Gilley Road,525000,558888,2,2,850,0,4/1/2020,160,617.6470588,4
307,8033 Saba Road,595000,629000,2,2,862,10,7/8/2020,93,690.2552204,3
601,10155 River Drive,502500,509000,2,2,752,6,3/10/2020,7,668.2180851,6
1101,8800 Hazelbridge Way,771800,799000,2,2,806,0,7/6/2020,4,957.5682382,11
501,9399 Alexandra Rd,600000,638000,2,2,821,5,7/6/2020,35,730.816078,5
1707,9188 Cook Road,598000,599000,2,2,809,13,7/9/2020,2,739.184178,17
1708,8833 Hazelbridge Way,735000,755000,2,2,822,4,6/28/2020,6,894.1605839,17
216,9366 Tomicki Avenue,620000,629000,2,2,834,4,7/1/2020,22,743.4052758,2
702,5900 Alderbridge Way,569000,575000,2,2,731,12,7/4/2020,30,778.3857729,7
617,5508 Hollybridge Way,750000,785000,2,2,872,0,6/30/2020,50,860.0917431,6
527,5399 Cedarbridge Way,583000,599800,2,2,876,5,6/28/2020,26,665.5251142,5
801,5508 Hollybridge Way,722600,788800,2,2,855,0,6/30/2020,50,845.1461988,8
435,6828 Eckersley Road,550000,570900,2,2,818,8,7/3/2020,16,672.3716381,4
617,8080 Cambie Road,670000,680000,2,2,841,12,7/4/2020,29,796.6706302,6
1608,3331 Brown Road,745000,785000,2,2,870,3,7/4/2020,37,856.3218391,16
328,9399 Tomicki Avenue,581000,598000,2,2,888,9,6/11/2020,50,654.2792793,3
113,5900 Dover Crescent,535000,528000,2,2,812,25,6/30/2020,5,658.8669951,1
309,10033 River Drive,504700,519000,2,2,764,6,6/24/2020,1,660.6020942,3
605,8120 Lansdowne Road,668000,649000,2,2,866,11,6/22/2020,4,771.3625866,6
470,9100 Ferndale Road,523000,538000,2,2,807,11,6/19/2020,11,648.0793061,4
708,7328 Gollner Avenue,745000,749900,2,2,861,4,6/19/2020,4,865.2729384,7
1203,8833 Hazelbridge Way,705000,709000,2,2,825,4,6/18/2020,25,854.5454545,12
111,5860 Dover Crescent,550000,560000,2,2,853,24,6/8/2020,62,644.7831184,1
309,10155 River Drive,512000,519000,2,2,754,6,6/18/2020,141,679.0450928,3
402,9388 Tomicki Avenue,611000,625000,2,2,843,3,6/12/2020,53,724.7924081,4
810,8068 Westminster Highway,585800,599000,2,2,809,10,6/12/2020,11,724.1038319,8
505,6331 Buswell Street,620000,649000,2,2,870,17,6/1/2020,38,712.6436782,5
503,5233 Gilbert Road,585000,698000,2,2,709,4,6/13/2020,162,825.1057828,5
1503,6733 Buswell Street,625000,649000,2,2,856,9,6/6/2020,229,730.1401869,15
509,3699 Sexsmith Road,774900,774900,2,2,892,0,6/11/2020,3,868.7219731,5
301,3699 Sexsmith Road,789900,789900,2,2,896,0,6/4/2020,4,881.5848214,3
318,3699 Sexsmith Road,754900,754900,2,2,866,0,6/8/2020,20,871.7090069,3
1008,5900 Alderbridge Way,670000,679000,2,2,891,12,6/12/2020,11,751.9640853,10
120,8100 Jones Road,510000,518000,2,2,891,25,5/28/2020,1,572.3905724,1
209,4500 Westwater Drive,571500,589000,2,2,824,16,5/29/2020,60,693.5679612,2
208,9366 Tomicki Avenue,585000,619000,2,2,850,4,5/31/2020,27,688.2352941,2
325,8451 Westminster Highway,400000,438000,2,2,879,38,5/21/2020,52,455.0625711,3
802,7468 Lansdowne Road,720000,748000,2,2,829,3,5/19/2020,68,868.5162847,8
303,9399 Alexandra Rd,618000,638000,2,2,832,5,5/20/2020,57,742.7884615,3
503,10155 River Drive,497000,508000,2,2,732,6,5/24/2020,24,678.9617486,5
716,7388 Gollner Avenue,792800,818000,2,2,850,5,5/23/2020,8,932.7058824,7
913,8333 Sweet avenue,732500,750000,2,2,845,3,5/21/2020,37,866.8639053,9
427,5600 Andrews Road,542000,538000,2,2,787,22,5/17/2020,3,688.6912325,4
205,5399 Cedarbridge Way,580000,628800,2,2,860,5,5/19/2020,50,674.4186047,2
1810,8333 Sweet avenue,750000,768000,2,2,875,3,5/13/2020,43,857.1428571,18
1215,5115 Garden City Road,500000,527000,2,2,840,16,5/16/2020,67,595.2380952,12
301,8400 Anderson Road,495000,499000,2,2,868,12,5/8/2020,83,570.2764977,3
401,3699 Sexsmith Road,769900,769900,2,2,896,0,5/11/2020,3,859.2633929,4
1205,5233 Gilbert Road,613500,700000,2,2,774,4,4/27/2020,51,792.6356589,12
318,3300 Ketcheson Road,758000,788900,2,2,886,0,4/25/2020,46,855.530474,3
103,23233 Gilley Road,535000,535000,2,2,818,1,4/19/2020,103,654.0342298,1
701,8280 Lansdowne Road,485000,509000,2,2,735,12,4/16/2020,7,659.8639456,7
202,9551 Alexandra Road,659900,659900,2,2,850,0,4/16/2020,10,776.3529412,2
1805,3300 Ketcheson Road,880000,989000,2,2,865,0,4/16/2020,36,1017.34104,18
212,9399 Tomicki Avenue,598000,598000,2,2,865,9,4/10/2020,4,691.3294798,2
315,1001 River Drive,499000,499000,2,2,834,4,4/6/2020,13,598.3213429,3
1205,6971 Elmbridge Way,622000,699000,2,2,813,6,4/4/2020,43,765.0676507,12
1103,3300 Ketcheson Road,785000,848000,2,2,848,0,3/27/2020,66,925.7075472,11
907,7373 Westminster Highway,579000,598000,2,2,769,12,4/4/2020,4,752.9258778,9
718,10788 No 5 Road,678000,699000,2,2,880,2,3/13/2020,171,770.4545455,7
313,6800 Eckersley Road,585800,598800,2,2,814,8,3/30/2020,24,719.6560197,3
403,6828 Eckersley Road,557500,568000,2,2,832,8,3/27/2020,1,670.0721154,4
207,8100 Jones Road,501000,528000,2,2,896,24,3/25/2020,71,559.1517857,2
215,10880 No 5 Road,515000,499000,2,2,879,6,3/27/2020,11,585.8930603,2
604,10177 River Drive,692000,698000,2,2,900,1,3/27/2020,20,768.8888889,6
1509,8068 Westminster Highway,633000,699000,2,2,815,10,3/17/2020,123,776.6871166,15
803,8988 Patterson Road,675000,679900,2,2,748,3,3/24/2020,1,902.4064171,8
122,9333 Tomicki Avenue,625000,680000,2,2,860,6,2/25/2020,180,726.744186,1
1204,6133 Buswell Street,648000,588000,2,2,893,11,3/17/2020,8,725.643897,12
231,9551 Alexandra Road,659524,699000,2,2,850,0,2/27/2020,9,775.9105882,2
202,7360 Elmbridge Way,548000,568800,2,2,850,12,3/3/2020,98,644.7058824,2
525,9388 Tomicki Avenue,623000,635000,2,2,832,3,3/9/2020,163,748.7980769,5
1108,7328 Gollner Avenue,800000,818800,2,2,857,5,3/9/2020,4,933.4889148,11
321,10788 No 5 Road,590000,655000,2,2,883,2,3/10/2020,60,668.1766704,3
407,23233 Gilley Road,568000,599000,2,2,850,1,2/25/2020,188,668.2352941,4
706,7831 Westminster Highway,570000,579888,2,2,898,17,3/3/2020,5,634.7438753,7
703,6951 Elmbridge Way,640000,648888,2,2,788,6,3/1/2020,48,812.1827411,7
210,6611 Eckersley Road,527000,499000,2,2,853,10,3/9/2020,4,617.8194607,2
1808,8288 Granville Avenue,640000,649900,2,2,716,4,2/29/2020,4,893.8547486,18
1206,6333 Katsura Street,610000,628000,2,2,882,12,2/22/2020,32,691.6099773,12
402,12339 Steveston Highway,525000,499900,2,2,844,6,3/9/2020,6,622.0379147,4
229,9399 Tomicki Avenue,544500,569900,2,2,791,9,3/3/2020,8,688.369153,2
219,5900 Dover Crescent,515000,525000,2,2,822,25,2/28/2020,39,626.5206813,2
1601,8800 Hazelbridge Way,765000,799000,2,2,806,0,2/26/2020,16,949.1315136,16
1201,6119 Cooney Road,535000,568800,2,2,876,24,2/26/2020,52,610.7305936,12
901,3699 Sexsmith Road,794900,794900,2,2,869,0,3/2/2020,1,914.7295742,9
1581,3311 Ketcheson Road,846667,930000,2,2,889,0,2/19/2020,32,952.3813273,15
910,3699 Sexsmith Road,824900,824900,2,2,866,0,2/28/2020,2,952.5404157,9
601,7831 Westminster Highway,520000,538000,2,2,801,17,3/1/2020,10,649.1885144,6
1601,5088 Kwantlen Street,652500,679000,2,2,870,13,3/4/2020,86,750,16
322,9371 Hemlock Drive,675000,699000,2,2,882,11,2/23/2020,86,765.3061224,3
701,3699 Sexsmith Road,784900,784900,2,2,896,0,2/25/2020,3,876.0044643,7
108,12639 No 2 Road,575000,579800,2,2,821,22,2/17/2020,12,700.365408,1
814,8688 Hazelbridge Way,680000,688000,2,2,790,2,2/23/2020,3,860.7594937,8
803,8068 Westminster Highway,620000,629000,2,2,779,10,2/23/2020,5,795.8921694,8
601,3699 Sexsmith Road,779900,779900,2,2,896,0,2/25/2020,20,870.4241071,6
703,7575 Alderbridge Way,583000,599000,2,2,865,13,2/8/2020,9,673.9884393,7
706,9099 Cook Road,739000,768000,2,2,885,5,2/23/2020,34,835.0282486,7
1605,5068 Kwantlen Street,638000,698000,2,2,860,13,7/17/2019,68,741.8604651,16
705,313 ketcheson Road,670000,699900,2,2,838,3,7/19/2019,32,799.522673,7
1203,8988 Patterson Road,661000,699900,2,2,748,2,7/10/2019,39,883.6898396,12
619,9171 Ferndale Road,530000,570000,2,2,788,11,7/23/2019,20,672.5888325,6
802,7488 Lansdowne Road,725000,735000,2,2,831,2,7/23/2019,57,872.44284,8
1001,5028 Kwantlen Street,600500,639000,2,2,818,13,7/17/2019,70,734.1075795,10
904,8288 Lansdowne Road,630000,698000,2,2,895,11,8/2/2019,30,703.9106145,9
1203,8033 Saba Road,638000,698000,2,2,847,9,7/23/2019,23,753.2467532,12
608,9180 Hemlock Drive,575000,588000,2,2,848,13,7/17/2019,8,678.0660377,6
221,5700 Andrews Road,550000,569000,2,2,888,17,7/26/2019,16,619.3693694,2
483,9100 Ferndale Road,512799,599800,2,2,854,13,7/24/2019,166,600.4672131,4
203,10177 River Drive,518000,589000,2,2,808,0,8/3/2019,143,641.0891089,2
1708,7979 Firbridge Way,688889,765000,2,2,802,6,8/8/2019,99,858.9638404,17
1102,6333 Katsura Street,610000,628000,2,2,834,11,7/29/2019,7,731.4148681,11
822,7831 Westminster Highway,580000,618000,2,2,873,16,6/2/2019,12,664.3757159,8
227,12339 Steveston Highway,523799,550000,2,2,886,5,7/29/2019,24,591.1952596,2
112,8080 Jones Road,508000,526000,2,2,888,23,7/29/2019,118,572.0720721,1
1115,7988 Ackroyd Road,672000,768000,2,2,830,6,8/7/2019,23,809.6385542,11
1508,7979 Firbridge Way,653000,730000,2,2,800,6,8/11/2019,10,816.25,15
705,7362 Elmbridge Way,578000,598000,2,2,850,11,6/16/2019,10,680,7
802,7371 Westminster Highway,566800,599000,2,2,731,11,7/29/2019,10,775.376197,8
216,9199 Tomicki Avenue,539800,560000,2,2,900,10,8/14/2019,29,599.7777778,2
1201,7328 Gollner Avenue,818000,868000,2,2,841,4,8/13/2019,61,972.6516052,12
714,8688 Hazelbridge Way,680000,718000,2,2,790,1,8/11/2019,10,860.7594937,7
1501,6233 Katsura Street,635000,678000,2,2,869,14,8/20/2019,48,730.7249712,15
808,7555 Alderbridge Way,579500,610000,2,2,837,11,8/20/2019,33,692.353644,8
908,8333 Anderson Road,590000,599000,2,2,837,7,8/11/2019,13,704.8984468,9
1205,5580 No 3 Road,730000,788000,2,2,831,1,8/15/2019,24,878.4596871,12
323,8120 Jones Road,545000,568000,2,2,897,15,8/18/2019,4,607.580825,3
415,9311 Alexandra Road,630000,668000,2,2,861,4,6/27/2019,37,731.7073171,4
418,9200 Ferndale Road,530000,549000,2,2,861,13,8/15/2019,31,615.5632985,4
301,7988 Ackroyd Road,608000,668000,2,2,838,6,8/19/2019,167,725.5369928,3
1501,5911 Alderbridge Way,500000,535000,2,2,872,21,8/26/2019,28,573.3944954,15
501,7555 Alderbridge Way,558000,558000,2,2,877,12,8/21/2019,9,636.2599772,5
1607,8333 Sweet avenue,731000,688000,2,2,818,2,8/26/2019,7,893.6430318,16
1503,9180 Hemlock Drive,598000,649000,2,2,870,13,8/25/2019,41,687.3563218,15
703,7555 Alderbridge Way,587000,628000,2,2,869,12,8/23/2019,60,675.4890679,7
101,9311 Alexandra Road,590000,626000,2,2,843,4,8/26/2019,63,699.881376,1
502,8288 Granville Avenue,638000,643000,2,2,845,4,8/28/2019,0,755.0295858,5
502,9099 Cook Road,680000,699000,2,2,872,4,8/26/2019,27,779.8165138,5
331,9500 Tomicki Avenue,650000,678000,2,2,855,0,9/1/2019,11,760.2339181,3
415,10880 No 5 Road,561000,579000,2,2,883,5,8/30/2019,23,635.3340883,4
302,8280 Lansdowne Road,535000,499000,2,2,745,11,9/6/2019,8,718.1208054,3
168,9100 Ferndale Road,539000,588000,2,2,858,13,9/3/2019,53,628.2051282,1
204,6191 Buswell Street,545000,559000,2,2,870,22,7/22/2019,8,626.4367816,2
703,8333 Anderson Road,580000,599000,2,2,837,7,9/1/2019,10,692.9510155,7
1002,6200 River Road,668000,699000,2,2,805,5,8/27/2019,49,829.8136646,10
1005,7488 Lansdowne Road,738000,752000,2,2,839,2,9/8/2019,17,879.6185936,10
702,6733 Buswell Street,612800,638000,2,2,846,7,8/25/2019,12,724.3498818,7
202,9399 Alexandra Rd,550000,550000,2,2,821,4,9/13/2019,0,669.9147381,2
248,9388 McKim Way,579000,599000,2,2,853,6,9/1/2019,90,678.7807737,2
914,8688 Hazelbridge Way,685000,750000,2,2,790,1,8/29/2019,85,867.0886076,9
312,3333 Brown Road,685000,699900,2,2,797,1,8/29/2019,46,859.4730238,3
809,7888 Ackroyd Road,720000,759000,2,2,862,4,9/17/2019,20,835.2668213,8
1603,8833 Hazelbridge Way,710000,798800,2,2,830,3,9/13/2019,106,855.4216867,16
1207,8833 Hazelbridge Way,693880,735000,2,2,807,2,9/9/2019,75,859.826518,12
501,5400 Hollybridge Way,638000,728000,2,2,858,0,9/8/2019,68,743.5897436,5
210,9399 Odlin Road,550000,568000,2,2,858,7,9/22/2019,4,641.025641,2
807,7380 Elmbridge Way,511500,519000,2,2,875,23,9/10/2019,22,584.5714286,8
609,10155 River Drive,498750,509000,2,2,752,5,9/13/2019,10,663.231383,6
905,8160 Lansdowne Road,614000,638000,2,2,863,9,9/17/2019,33,711.4716107,9
722,5399 Cedarbridge Way,555000,628000,2,2,768,4,9/18/2019,120,722.65625,7
805,7362 Elmbridge Way,575000,598000,2,2,850,11,9/14/2019,39,676.4705882,8
1705,5088 Kwantlen Street,659000,668000,2,2,862,12,9/24/2019,3,764.5011601,17
1203,6119 Cooney Road,503300,528000,2,2,803,22,9/18/2019,21,626.7745953,12
121,9388 McKim Way,534800,559000,2,2,807,6,9/24/2019,15,662.7013631,1
1706,7788 Ackroyd Road,785000,799000,2,2,892,4,9/15/2019,18,880.044843,17
302,3233 Ketcheson Road,690000,719000,2,2,811,2,9/19/2019,101,850.8014797,3
901,8033 Saba Road,663000,700000,2,2,875,8,9/23/2019,35,757.7142857,9
610,9366 Tomicki Avenue,600000,618000,2,2,821,3,9/22/2019,55,730.816078,6
108,5600 Andrews Road,518000,518000,2,2,856,20,10/7/2019,7,605.1401869,1
337,5600 Andrews Road,460000,485000,2,2,782,20,9/24/2019,98,588.2352941,3
1707,5900 Alderbridge Way,618000,638000,2,2,768,11,10/3/2019,153,804.6875,17
715,8333 Sweet avenue,695000,648000,2,2,818,2,9/19/2019,6,849.6332518,7
1105,7535 Alderbridge Way,572000,618000,2,2,839,12,10/1/2019,174,681.7640048,11
312,3233 Ketcheson Road,679000,738000,2,2,842,2,10/6/2019,181,806.4133017,3
1205,8988 Patterson Road,670000,719000,2,2,798,2,9/20/2019,42,839.5989975,12
801,3131 Ketcheson Road,649000,689000,2,2,749,3,10/7/2019,48,866.4886515,8
1502,7488 Lansdowne Road,742000,759000,2,2,829,2,10/6/2019,26,895.0542823,15
817,7988 Ackroyd Road,668000,679000,2,2,870,6,10/9/2019,7,767.816092,8
1202,9099 Cook Road,680000,710000,2,2,868,4,10/7/2019,68,783.4101382,12
1203,5088 Kwantlen Street,639980,663000,2,2,836,12,10/5/2019,3,765.5263158,12
109,10155 River Drive,505000,509000,2,2,761,5,10/7/2019,5,663.6005256,1
409,4500 Westwater Drive,580000,599000,2,2,802,15,10/6/2019,84,723.19202,4
702,5933 Cooney Road,568000,575000,2,2,854,16,10/9/2019,8,665.1053864,7
422,9200 Ferndale Road,508000,538000,2,2,809,13,10/14/2019,28,627.9357231,4
309,10880 No 5 Road,525000,579888,2,2,883,5,10/16/2019,63,594.5639864,3
502,9188 Cook Road,599000,628000,2,2,822,11,10/13/2019,27,728.7104623,5
417,4033 May Drive,555000,599000,2,2,811,0,9/30/2019,160,684.3403206,4
1805,7788 Ackroyd Road,755000,899000,2,2,894,4,10/19/2019,115,844.5190157,18
306,6828 Eckersley Road,585000,599000,2,2,891,7,10/16/2019,27,656.5656566,3
403,5900 Dover Crescent,500000,568000,2,2,845,24,10/17/2019,189,591.7159763,4
216,6800 Eckersley Road,543000,578000,2,2,802,7,10/23/2019,113,677.0573566,2
217,4033 May Drive,537000,563888,2,2,811,0,10/15/2019,14,662.1454994,2
520,5599 Cooney Road,652000,698000,2,2,789,1,10/16/2019,12,826.3624842,5
609,7008 River Parkway,640000,658900,2,2,810,2,10/24/2019,17,790.1234568,6
308,9388 Tomicki Avenue,575000,608000,2,2,821,2,10/18/2019,18,700.365408,3
712,7008 River Parkway,595000,628000,2,2,762,2,11/3/2019,2,780.839895,7
1202,6133 Buswell Street,570000,610000,2,2,875,10,11/3/2019,53,651.4285714,12
1103,7575 Alderbridge Way,605000,629000,2,2,870,12,10/28/2019,33,695.4022989,11
350,7293 Moffatt Road,357000,361800,1,1,772,38,7/15/2020,7,462.4352332,3
127,5888 Dover Crescent,402500,418000,1,1,680,23,7/12/2020,10,591.9117647,1
208,1001 River Drive,396000,399000,1,1,552,5,7/5/2020,2,717.3913043,2
603,10033 River Drive,447500,459000,1,1,664,6,7/9/2020,10,673.9457831,6
809,5580 No 3 Road,548000,569000,1,1,570,2,7/8/2020,30,961.4035088,8
310,9333 Alberta Road,469000,479000,1,1,770,17,7/8/2020,5,609.0909091,3
611,7788 Ackroyd Road,535000,588888,1,1,615,5,7/15/2020,22,869.9186992,6
408,6033 Katsura Street,495000,499800,1,1,775,13,7/2/2020,8,638.7096774,4
313,9399 Alexandra Rd,535000,550000,1,1,728,5,7/9/2020,3,734.8901099,3
909,3131 Ketcheson Road,578000,588000,1,1,715,4,7/13/2020,14,808.3916084,9
305,6160 London Road,653000,668000,1,1,720,4,7/10/2020,2,906.9444444,3
407,8880 Jones Road,401888,399900,1,1,717,27,7/3/2020,3,560.5132497,4
312,5233 Gilbert Road,515000,515000,1,1,615,4,7/12/2020,13,837.398374,3
139,9388 McKim Way,496000,499000,1,1,681,7,6/28/2020,4,728.3406755,1
1109,7488 Lansdowne Road,565000,588000,1,1,604,3,7/12/2020,33,935.4304636,11
127,5700 Andrews Road,480000,484000,1,1,671,18,6/20/2020,17,715.3502235,1
513,3333 Brown Road,523000,545000,1,1,613,2,6/24/2020,119,853.1810767,5
401,8180 Jones Road,440000,469000,1,1,732,26,7/4/2020,143,601.0928962,4
1605,8833 Hazelbridge Way,556000,599000,1,1,621,4,7/4/2020,177,895.3301127,16
1110,6900 Pearson Way,520000,528888,1,1,590,0,7/11/2020,1,881.3559322,11
312,7708 Alderbridge Way,486000,509000,1,1,567,3,7/11/2020,53,857.1428571,3
804,8633 Capstan Way,508000,499800,1,1,523,4,7/3/2020,3,971.3193117,8
1109,3333 Brown Road,512000,499000,1,1,565,2,7/3/2020,4,906.1946903,11
111,5600 Andrews Road,380000,398000,1,1,556,21,7/9/2020,17,683.4532374,1
1502,8833 Hazelbridge Way,535000,548000,1,1,533,4,6/28/2020,32,1003.752345,15
518,6900 Pearson Way,500000,548000,1,1,590,0,7/7/2020,56,847.4576271,5
1310,6900 Pearson Way,530000,588000,1,1,590,0,7/7/2020,57,898.3050847,13
1103,7468 Lansdowne Road,560000,568800,1,1,609,3,6/29/2020,7,919.5402299,11
706,8988 Patterson Road,525000,558000,1,1,546,3,6/28/2020,122,961.5384615,7
1509,6888 Alderbridge Way,472000,479900,1,1,664,12,6/29/2020,3,710.8433735,15
403,5860 Dover Crescent,448000,499000,1,1,654,23,6/26/2020,15,685.0152905,4
1104,6900 Pearson Way,572000,635000,1,1,683,0,6/23/2020,47,837.4816984,11
926,3300 Ketcheson Road,587300,549800,1,1,555,0,5/22/2020,43,1058.198198,9
614,6900 Pearson Way,505000,499000,1,1,591,0,6/22/2020,5,854.4839255,6
1120,8800 Hazelbridge Way,588000,598000,1,1,618,0,6/25/2020,3,951.4563107,11
711,8833 Hazelbridge Way,525000,538000,1,1,565,4,6/18/2020,43,929.2035398,7
107,7800 St Albans Road,380555,399000,1,1,679,28,6/19/2020,60,560.4639175,1
415,9333 Alberta Road,430000,429000,1,1,600,17,6/25/2020,2,716.6666667,4
109,5888 Dover Crescent,420000,448000,1,1,791,23,5/14/2020,35,530.9734513,1
315,9399 Odlin Road,530000,558000,1,1,785,8,6/21/2020,106,675.1592357,3
103,8180 Jones Road,435000,479000,1,1,739,26,6/12/2020,142,588.6332882,1
1309,3699 Sexsmith Road,715900,715900,1,1,681,0,6/20/2020,1,1051.248164,13
1010,8871 Lansdowne Road,470100,498000,1,1,784,25,6/19/2020,8,599.6173469,10
303,5888 Dover Crescent,410000,425000,1,1,700,23,6/13/2020,23,585.7142857,3
204,23233 Gilley Road,400000,438800,1,1,646,1,5/25/2020,132,619.1950464,2
203,5860 Dover Crescent,430000,439000,1,1,658,23,6/18/2020,23,653.4954407,2
506,8633 Capstan Way,508000,527999,1,1,583,4,6/20/2020,26,871.35506,5
511,7117 Elmbridge Way,490000,499000,1,1,589,7,5/16/2020,73,831.9185059,5
417,12633 No 2 Road,524000,529900,1,1,757,23,6/14/2020,18,692.2060766,4
410,23233 Gilley Road,379900,379900,1,1,592,1,6/11/2020,1,641.722973,4
409,9551 Alexandra Road,618000,599990,1,1,764,0,6/7/2020,5,808.9005236,4
208,5500 Andrews Road,485000,479000,1,1,768,23,6/13/2020,2,631.5104167,2
909,8988 Patterson Road,529000,549900,1,1,546,3,6/11/2020,77,968.8644689,9
613,3333 Brown Road,520000,529000,1,1,616,2,6/7/2020,5,844.1558442,6
908,6733 Buswell Street,499000,518000,1,1,610,8,5/18/2020,6,818.0327869,9
207,9333 Tomicki Avenue,500000,512000,1,1,665,6,6/6/2020,4,751.8796992,2
413,10880 No 5 Road,419000,415000,1,1,590,6,6/8/2020,14,710.1694915,4
209,5880 Dover Crescent,380000,389800,1,1,615,25,6/8/2020,5,617.8861789,2
613,9399 Alexandra Rd,532500,548000,1,1,727,5,6/4/2020,3,732.4621733,6
512,8800 Hazelbridge Way,523000,523000,1,1,616,0,6/9/2020,48,849.025974,5
512,8988 Patterson Road,508000,450000,1,1,562,3,6/9/2020,7,903.9145907,5
416,9333 Alberta Road,418000,419800,1,1,630,17,6/9/2020,8,663.4920635,4
106,9388 Odlin Road,498000,514900,1,1,685,6,6/6/2020,5,727.0072993,1
413,3699 Sexsmith Road,659900,659900,1,1,659,0,6/8/2020,18,1001.365706,4
418,6900 Pearson Way,480000,538000,1,1,590,0,6/7/2020,26,813.559322,4
103,5500 Andrews Road,400500,398000,1,1,711,23,6/1/2020,4,563.2911392,1
332,9333 Tomicki Avenue,498000,515000,1,1,670,6,6/2/2020,67,743.2835821,3
716,8800 Hazelbridge Way,526000,536000,1,1,621,0,5/30/2020,4,847.020934,7
306,23233 Gilley Road,410000,408000,1,1,646,0,6/7/2020,109,634.6749226,3
322,5880 Dover Crescent,423000,429900,1,1,596,25,6/1/2020,34,709.7315436,3
911,8800 Hazelbridge Way,590000,598000,1,1,615,0,6/6/2020,2,959.3495935,9
412,9288 Odlin Road,495000,495000,1,1,662,11,5/23/2020,2,747.734139,4
205,9311 Alexandra Road,550000,558000,1,1,720,5,5/25/2020,33,763.8888889,2
309,9500 Tomicki Avenue,569000,586000,1,1,765,1,6/3/2020,14,743.7908497,3
658,4099 Stolberg Street,500000,529000,1,1,786,7,6/29/2020,23,636.1323155,6
305,13040 No 2 Road,438000,450000,1,1,577,0,5/13/2020,89,759.0987868,3
403,23233 Gilley Road,399900,438800,1,1,646,1,5/5/2020,112,619.0402477,4
206,23233 Gilley Road,399000,438800,1,1,646,1,5/23/2020,130,617.6470588,2
302,8688 Hazelbridge Way,510000,538000,1,1,588,2,5/31/2020,3,867.3469388,3
235,9388 McKim Way,518000,499999,1,1,778,7,5/24/2020,6,665.8097686,2
609,3333 Brown Road,500000,528000,1,1,565,2,5/22/2020,7,884.9557522,6
305,23233 Gilley Road,403000,408000,1,1,646,0,4/9/2020,55,623.8390093,3
368,4099 Stolberg Street,482800,498800,1,1,789,7,5/22/2020,11,611.913815,3
414,5508 Hollybridge Way,548000,555555,1,1,671,0,5/19/2020,21,816.6915052,4
227,9551 Alexandra Road,513000,519000,1,1,652,1,5/22/2020,39,786.809816,2
314,5500 Lynas Lane,395000,399800,1,1,630,25,5/23/2020,71,626.984127,3
1216,8800 Hazelbridge Way,565000,610000,1,1,590,0,5/18/2020,97,957.6271186,12
318,12339 Steveston Highway,380000,388000,1,1,491,6,5/22/2020,9,773.9307536,3
107,5500 Lynas Lane,410000,418000,1,1,613,25,5/12/2020,22,668.8417618,1
623,8800 Hazelbridge Way,505000,558000,1,1,575,0,5/28/2020,114,878.2608696,6
907,7360 Elmbridge Way,425000,458000,1,1,603,12,5/13/2020,15,704.8092869,9
309,9551 Alexandra Road,578000,619900,1,1,764,0,5/17/2020,55,756.5445026,3
218,9311 Alexandra Road,550000,598000,1,1,738,5,5/12/2020,80,745.2574526,2
408,4111 Bayview Street,590000,575000,1,1,718,15,5/22/2020,11,821.7270195,4
801,8288 Granville Avenue,508000,528000,1,1,580,5,1/13/2020,194,875.862069,8
807,7362 Elmbridge Way,475000,480000,1,1,595,12,1/23/2020,42,798.3193277,8
1308,7788 Ackroyd Road,421000,558000,1,1,538,5,1/6/2020,35,782.527881,13
1310,5580 No 3 Road,683000,699000,1,1,751,2,1/15/2020,7,909.4540613,13
209,6011 No 1 Road,455000,465000,1,1,610,6,1/18/2020,5,745.9016393,2
810,7831 Westminster Highway,435000,439900,1,1,630,17,1/19/2020,16,690.4761905,8
321,5600 Andrews Road,380000,389900,1,1,530,22,1/12/2020,5,716.9811321,3
1108,8800 Hazelbridge Way,535238,588000,1,1,616,0,1/19/2020,3,868.8928571,11
811,8800 Hazelbridge Way,535952,578000,1,1,616,0,1/19/2020,3,870.0519481,8
129,9551 Alexandra Road,538000,548800,1,1,657,0,1/20/2020,0,818.8736682,1
912,8800 Hazelbridge Way,550000,569900,1,1,616,0,1/19/2020,10,892.8571429,9
131,5888 Dover Crescent,423000,428800,1,1,664,23,1/22/2020,10,637.0481928,1
1510,8988 Patterson Road,445000,469000,1,1,485,2,1/17/2020,100,917.5257732,15
302,8600 Park Road,470000,475000,1,1,769,9,1/22/2020,8,611.183355,3
322,12339 Steveston Highway,440000,430000,1,1,717,6,1/28/2020,1,613.6680614,3
806,8333 Anderson Road,480000,486000,1,1,646,8,1/20/2020,40,743.0340557,8
513,9388 Tomicki Avenue,523000,518000,1,1,630,4,1/20/2020,7,830.1587302,5
1208,3300 Ketcheson Road,548000,559000,1,1,622,0,1/22/2020,6,881.0289389,12
1202,7362 Elmbridge Way,480600,486800,1,1,597,12,1/27/2020,14,805.0251256,12
310,4600 Westwater Drive,595000,599500,1,1,795,17,1/27/2020,19,748.427673,3
608,3300 Ketcheson Road,480952,524888,1,1,575,0,2/3/2020,20,836.4382609,6
1104,8280 Lansdowne Road,472000,480000,1,1,559,12,1/23/2020,92,844.3649374,11
806,3699 Sexsmith Road,632900,632900,1,1,695,0,1/31/2020,0,910.647482,8
913,3699 Sexsmith Road,637900,637900,1,1,659,0,2/2/2020,2,967.9817906,9
418,3699 Sexsmith Road,612900,612900,1,1,659,0,2/3/2020,3,930.0455235,4
205,9371 Hemlock Drive,453000,476000,1,1,566,11,1/20/2020,12,800.3533569,2
419,3699 Sexsmith Road,592900,592900,1,1,681,0,2/3/2020,3,870.6314244,4
308,3699 Sexsmith Road,579900,579900,1,1,690,0,2/3/2020,3,840.4347826,3
1685,3311 Ketcheson Road,580000,599000,1,1,616,0,2/4/2020,25,941.5584416,16
1505,6351 Buswell Street,518000,548000,1,1,783,13,2/11/2020,3,661.5581098,15
1104,6119 Cooney Road,463800,488000,1,1,626,24,2/7/2020,81,740.8945687,11
1513,5811 No 3 Road,495000,528800,1,1,668,13,2/3/2020,31,741.0179641,15
919,8800 Hazelbridge Way,573000,599900,1,1,616,0,2/11/2020,33,930.1948052,9
115,8600 Park Road,429000,429000,1,1,600,9,1/31/2020,4,715,1
1009,8800 Hazelbridge Way,588888,608000,1,1,616,0,1/30/2020,15,955.987013,10
609,9366 Tomicki Avenue,555000,568000,1,1,793,4,2/3/2020,7,699.8738966,6
314,8535 Jones Road,400000,382000,1,1,694,29,2/10/2020,7,576.3688761,3
911,7488 Lansdowne Road,535000,526000,1,1,584,3,2/11/2020,8,916.0958904,9
107,8200 Jones Road,451000,459000,1,1,721,26,2/8/2020,17,625.520111,1
613,3699 Sexsmith Road,657900,657900,1,1,659,0,2/13/2020,9,998.3308042,6
719,3699 Sexsmith Road,627900,627900,1,1,681,0,2/10/2020,3,922.0264317,7
1710,8288 Granville Avenue,525000,550000,1,1,630,5,2/11/2020,8,833.3333333,17
602,7362 Elmbridge Way,466000,488000,1,1,595,12,2/11/2020,126,783.1932773,6
1015,5580 No 3 Road,660000,699000,1,1,715,2,2/8/2020,18,923.0769231,10
321,3699 Sexsmith Road,619900,619900,1,1,659,0,2/12/2020,6,940.6676783,3
909,3699 Sexsmith Road,469900,469900,1,1,475,0,2/15/2020,9,989.2631579,9
402,4280 Moncton Street,537000,549900,1,1,751,15,2/11/2020,29,715.0466045,4
336,5700 Andrews Road,520000,539900,1,1,775,18,2/15/2020,106,670.9677419,3
1706,3333 Sexsmith Road,539000,559000,1,1,519,2,2/18/2020,106,103.8535645,17
239,7439 Moffatt Road,425000,449000,1,1,793,28,2/16/2020,48,535.9394704,2
208,10788 No 5 Road,487000,499000,1,1,652,2,2/10/2020,6,746.9325153,2
307,3699 Sexsmith Road,659900,659900,1,1,780,0,2/18/2020,13,846.025641,3
819,3699 Sexsmith Road,632900,632900,1,1,621,0,2/16/2020,9,1019.162641,8
511,8688 Hazelbridge Way,519000,519000,1,1,570,2,2/17/2020,4,910.5263158,5
1109,3699 Sexsmith Road,649900,649900,1,1,681,0,2/18/2020,3,954.3318649,11
710,7708 Alderbridge Way,525000,539000,1,1,582,0,2/17/2020,3,902.0618557,7
412,12339 Steveston Highway,436000,399900,1,1,718,6,2/24/2020,7,607.2423398,4
1003,5111 Brighouse Way,635000,649900,1,1,670,7,1/18/2020,15,947.761194,10
908,3233 Ketcheson Road,510000,538000,1,1,519,2,2/11/2020,19,982.6589595,9
323,9366 Tomicki Avenue,550000,578000,1,1,732,4,2/14/2020,11,751.3661202,3
1110,5599 Cooney Road,608000,628000,1,1,653,1,2/14/2020,11,931.0872894,11
1108,3699 Sexsmith Road,659900,659900,1,1,659,0,2/20/2020,3,1001.365706,11
606,9019 Cook Road,530000,635000,1,1,586,5,2/18/2020,43,904.4368601,6
753,4099 Stolberg Street,483000,498000,1,1,715,7,2/26/2020,36,675.5244755,7
1003,8800 Hazelbridge Way,552000,567000,1,1,565,0,2/13/2020,23,976.9911504,10
228,12339 Steveston Highway,400000,420000,1,1,591,6,2/25/2020,26,676.8189509,2
607,6233 Katsura Street,480000,499000,1,1,672,16,2/18/2020,10,714.2857143,6
1505,6333 Katsura Street,520000,520000,1,1,722,12,1/20/2020,6,720.2216066,15
398,4133 Stolberg Street,400000,399000,1,1,536,7,2/15/2020,4,746.2686567,3
1110,8800 Hazelbridge Way,573000,625000,1,1,659,0,2/3/2020,19,869.4992413,11
207,12639 No 2 Road,448000,448000,1,1,652,22,2/22/2020,12,687.1165644,2
818,3699 Sexsmith Road,682900,682900,1,1,659,0,2/27/2020,2,1036.267071,8
521,8080 Cambie Road,550000,569000,1,1,721,12,2/24/2020,35,762.8294036,5
1008,7080 No 3 Road,470000,498000,1,1,629,11,2/26/2020,23,747.217806,10
708,5233 Gilbert Road,535000,549000,1,1,627,3,2/10/2020,7,853.2695375,7
404,14200 Riverport Way,443108,428900,1,1,721,14,2/26/2020,2,614.5742025,4
1011,6200 River Road,495000,525000,1,1,545,6,2/18/2020,134,908.2568807,10
314,5888 Dover Crescent,405500,425000,1,1,675,23,2/15/2020,110,600.7407407,3
204,5111 Brighouse Way,572500,615000,1,1,670,7,3/3/2020,25,854.4776119,2
566,4099 Stolberg Street,480000,499000,1,1,774,7,3/3/2020,8,620.1550388,5
312,23233 Gilley Road,385000,415000,1,1,549,1,1/6/2020,118,701.2750455,3
301,8880 Jones Road,400000,449800,1,1,716,27,2/29/2020,129,558.6592179,3
438,9500 Tomicki Avenue,508000,539000,1,1,600,1,2/15/2020,89,846.6666667,4
1505,9099 Cook Road,538000,550000,1,1,577,5,2/26/2020,51,932.4090121,15
719,6188 No 3 Road,565000,599900,1,1,638,4,3/1/2020,48,885.5799373,7
507,8633 Capstan Way,516799,568000,1,1,588,4,3/3/2020,78,878.9098639,5
910,3233 Ketcheson Road,648000,658000,1,1,660,3,3/5/2020,8,981.8181818,9
310,3333 Sexsmith Road,555000,548000,1,1,694,2,3/4/2020,8,799.7118156,3
218,9399 Alexandra Rd,548800,573000,1,1,765,5,3/6/2020,50,717.3856209,2
118,9399 Alexandra Rd,533000,568000,1,1,760,4,3/9/2020,41,701.3157895,1
107,9333 Alberta Road,470000,486000,1,1,755,17,3/9/2020,4,622.5165563,1
222,9388 Odlin Road,505000,508000,1,1,665,6,3/12/2020,3,759.3984962,2
115,8880 Jones Road,400200,399900,1,1,687,27,3/17/2020,7,582.5327511,1
513,8633 Capstan Way,528000,519000,1,1,581,4,3/16/2020,6,908.777969,5
702,3331 Brown Road,575000,570000,1,1,691,3,3/10/2020,4,832.1273517,7
